-- phpMyAdmin SQL Dump
-- version 4.0.10.10
-- http://www.phpmyadmin.net
--
-- Máquina: localhost
-- Data de Criação: 15-Nov-2015 às 14:39
-- Versão do servidor: 5.1.73
-- versão do PHP: 5.3.3

SET SQL_MODE = "NO_AUTO_VALUE_ON_ZERO";
SET time_zone = "+00:00";


/*!40101 SET @OLD_CHARACTER_SET_CLIENT=@@CHARACTER_SET_CLIENT */;
/*!40101 SET @OLD_CHARACTER_SET_RESULTS=@@CHARACTER_SET_RESULTS */;
/*!40101 SET @OLD_COLLATION_CONNECTION=@@COLLATION_CONNECTION */;
/*!40101 SET NAMES utf8 */;

--
-- Base de Dados: `Bit_Stock`
--

-- --------------------------------------------------------

--
-- Estrutura da tabela `bit_db_empanada`
--

CREATE TABLE IF NOT EXISTS `bit_db_empanada` (
  `empanada_id` int(11) NOT NULL AUTO_INCREMENT,
  `empanada_codigo` int(11) NOT NULL,
  `empanada_nome` varchar(120) NOT NULL,
  `empanada_margem` decimal(23,2) NOT NULL,
  `empanada_deletado` int(1) NOT NULL DEFAULT '0',
  PRIMARY KEY (`empanada_id`),
  UNIQUE KEY `empanada_codigo` (`empanada_codigo`)
) ENGINE=InnoDB  DEFAULT CHARSET=latin1 AUTO_INCREMENT=38 ;

--
-- Extraindo dados da tabela `bit_db_empanada`
--

INSERT INTO `bit_db_empanada` (`empanada_id`, `empanada_codigo`, `empanada_nome`, `empanada_margem`, `empanada_deletado`) VALUES
(4, 1, 'EMP FRANGO COM REQUEIJÃO MB', '0.00', 0),
(5, 2, 'EMP FRANGO COM PALMITO MB', '0.00', 0),
(6, 3, 'EMP FRANGO C/ QUATRO QUEIJOS MB', '0.00', 0),
(7, 4, 'FRANGO COM AZEITONA MB', '0.00', 0),
(8, 5, 'EMP FRANGO MB', '0.00', 0),
(9, 6, 'EMP CALABRESA MB', '0.00', 0),
(10, 7, 'EMP CALABRESA COM CHEDDAR MB', '0.00', 0),
(13, 8, 'EMP CALABRESA COM QUEIJO MB', '0.00', 0),
(14, 9, 'EMP CAMARÃO', '0.00', 0),
(15, 10, 'EMP CARNE MB', '0.00', 0),
(16, 11, 'EMP CARNE C/ CHEDDAR MB', '0.00', 0),
(17, 12, 'EMP CARNE SECA MB', '0.00', 0),
(18, 13, 'EMP PALMITO MB', '0.00', 0),
(19, 14, 'EMP PORTUGUESA MB', '0.00', 0),
(20, 15, 'EMP PRESUNTO E QUEIJO MB', '0.00', 0),
(21, 16, 'EMP QUATRO QUEIJOS MB', '0.00', 0),
(22, 17, 'EMP QUEIJO COM PALMITO MB', '0.00', 0),
(23, 18, 'EMP FRANGO C/ REQUEIJÃO MI', '0.00', 0),
(24, 19, 'EMP FRANGO COM PALMITO MI', '0.00', 0),
(25, 20, 'EMP FRANGO COM CHEDDAR MI', '0.00', 0),
(26, 21, 'EMP FRANGO MI', '0.00', 0),
(27, 22, 'EMP BROCOLIS COM REQUEIJÃO MI', '0.00', 0),
(28, 23, 'EMP CALABRESA COM CHEDDAR MI', '0.00', 0),
(29, 24, 'EMP CATUPERU MI', '0.00', 0),
(30, 25, 'EMP CENOURA COM RICOTA MI', '0.00', 0),
(31, 26, 'EMP ESPINAFRE COM RICOTA MI', '0.00', 0),
(32, 27, 'EMP ESPINAFRE COM CHEDDAR MI', '0.00', 0),
(33, 28, 'EMP LEGUMES MI', '0.00', 0),
(34, 29, 'EMP PALMITO MI', '0.00', 0),
(35, 30, 'EMP PRESUNTO E QUEIJO MI', '0.00', 0),
(36, 31, 'EMP QUATRO QUEIJO MI', '0.00', 0),
(37, 32, 'EMP QUEIJO COM TOMATE SECO MI', '0.00', 0);

-- --------------------------------------------------------

--
-- Estrutura da tabela `bit_db_empanada_items`
--

CREATE TABLE IF NOT EXISTS `bit_db_empanada_items` (
  `e_items_id` int(11) NOT NULL AUTO_INCREMENT,
  `db_empanada_id` int(11) NOT NULL,
  `db_recheio_id` int(11) NOT NULL,
  `db_regras_id` int(11) NOT NULL,
  `e_items_qtde` float(25,4) NOT NULL,
  `e_items_fcr` float(25,4) NOT NULL,
  PRIMARY KEY (`e_items_id`)
) ENGINE=InnoDB  DEFAULT CHARSET=latin1 AUTO_INCREMENT=440 ;

--
-- Extraindo dados da tabela `bit_db_empanada_items`
--

INSERT INTO `bit_db_empanada_items` (`e_items_id`, `db_empanada_id`, `db_recheio_id`, `db_regras_id`, `e_items_qtde`, `e_items_fcr`) VALUES
(6, 5, 17, 2, 1.0000, 1.1200),
(10, 8, 14, 2, 1.0000, 1.1200),
(11, 9, 4, 2, 1.0000, 1.0800),
(12, 10, 5, 4, 1.0000, 1.0800),
(14, 14, 7, 2, 1.0000, 1.0600),
(15, 15, 8, 2, 1.0000, 1.0900),
(16, 16, 9, 4, 1.0000, 1.0900),
(17, 17, 28, 2, 1.0000, 1.0000),
(18, 18, 24, 2, 1.0000, 1.1600),
(19, 19, 25, 2, 1.0000, 1.0000),
(20, 20, 26, 2, 1.0000, 1.0300),
(21, 21, 18, 2, 1.0000, 1.0300),
(23, 22, 27, 2, 1.0000, 1.1600),
(24, 23, 16, 4, 1.0000, 1.1200),
(49, 4, 16, 4, 1.0000, 1.1200),
(52, 4, 33, 1, 3.4510, 1.0000),
(56, 4, 35, 5, 1118.0000, 1.0000),
(57, 4, 36, 8, 1118.0000, 1.0000),
(58, 4, 37, 10, 1118.0000, 1.0000),
(60, 4, 38, 10, 1118.0000, 1.0000),
(61, 4, 39, 12, 1118.0000, 1.0000),
(62, 4, 40, 13, 1118.0000, 1.0000),
(65, 5, 33, 1, 0.6670, 1.0000),
(66, 5, 35, 5, 216.0000, 1.0000),
(67, 5, 36, 8, 216.0000, 1.0000),
(68, 5, 37, 10, 216.0000, 1.0000),
(69, 5, 38, 10, 216.0000, 1.0000),
(70, 5, 39, 12, 216.0000, 1.0000),
(71, 5, 40, 13, 216.0000, 1.0000),
(74, 6, 19, 2, 1.0000, 1.1200),
(84, 8, 33, 1, 3.4510, 1.0000),
(85, 8, 35, 5, 1118.0000, 1.0000),
(86, 8, 36, 8, 1118.0000, 1.0000),
(87, 8, 37, 10, 1118.0000, 1.0000),
(88, 8, 38, 10, 1118.0000, 1.0000),
(89, 8, 39, 12, 1118.0000, 1.0000),
(90, 8, 40, 13, 1118.0000, 1.0000),
(91, 9, 33, 1, 0.6390, 1.0000),
(92, 9, 35, 5, 207.0000, 1.0000),
(93, 9, 36, 8, 207.0000, 1.0000),
(94, 9, 37, 10, 207.0000, 1.0000),
(95, 9, 38, 10, 207.0000, 1.0000),
(96, 9, 39, 12, 207.0000, 1.0000),
(97, 9, 40, 13, 207.0000, 1.0000),
(98, 10, 33, 1, 0.6390, 1.0000),
(99, 10, 35, 5, 207.0000, 1.0000),
(100, 10, 36, 8, 207.0000, 1.0000),
(101, 10, 37, 10, 207.0000, 1.0000),
(102, 10, 39, 12, 207.0000, 1.0000),
(103, 10, 40, 13, 207.0000, 1.0000),
(109, 4, 43, 17, 1118.0000, 1.0000),
(110, 4, 42, 16, 1118.0000, 1.0000),
(111, 4, 41, 14, 1118.0000, 1.0000),
(112, 5, 43, 17, 216.0000, 1.0000),
(113, 5, 42, 16, 216.0000, 1.0000),
(114, 5, 41, 14, 216.0000, 1.0000),
(118, 8, 43, 17, 1118.0000, 1.0000),
(119, 8, 42, 16, 1118.0000, 1.0000),
(120, 6, 33, 1, 0.6945, 1.0000),
(121, 6, 35, 5, 225.0000, 1.0000),
(122, 6, 36, 8, 225.0000, 1.0000),
(123, 6, 37, 10, 225.0000, 1.0000),
(124, 6, 38, 10, 225.0000, 1.0000),
(125, 6, 39, 14, 225.0000, 1.0000),
(126, 6, 40, 13, 225.0000, 1.0000),
(127, 6, 43, 17, 225.0000, 1.0000),
(128, 6, 42, 16, 225.0000, 1.0000),
(129, 6, 41, 14, 225.0000, 1.0000),
(130, 8, 41, 14, 1118.0000, 1.0000),
(131, 9, 43, 17, 207.0000, 1.0000),
(132, 9, 42, 16, 207.0000, 1.0000),
(133, 9, 41, 14, 207.0000, 1.0000),
(134, 10, 43, 17, 207.0000, 1.0000),
(135, 10, 42, 16, 207.0000, 1.0000),
(136, 10, 41, 14, 207.0000, 1.0000),
(139, 14, 33, 1, 0.6760, 1.0000),
(140, 14, 35, 5, 219.0000, 1.0000),
(141, 14, 36, 8, 219.0000, 1.0000),
(142, 14, 37, 10, 219.0000, 1.0000),
(143, 14, 38, 10, 219.0000, 1.0000),
(144, 14, 40, 13, 219.0000, 1.0000),
(145, 14, 43, 17, 219.0000, 1.0000),
(146, 14, 42, 16, 219.0000, 1.0000),
(147, 14, 41, 14, 219.0000, 1.0000),
(148, 15, 33, 1, 0.6420, 1.0000),
(149, 15, 35, 5, 208.0000, 1.0000),
(150, 15, 36, 8, 208.0000, 1.0000),
(151, 15, 37, 10, 208.0000, 1.0000),
(152, 15, 38, 10, 208.0000, 1.0000),
(153, 14, 39, 18, 219.0000, 1.0000),
(154, 15, 39, 18, 208.0000, 1.0000),
(155, 15, 40, 13, 208.0000, 1.0000),
(156, 15, 43, 17, 208.0000, 1.0000),
(157, 15, 42, 16, 208.0000, 1.0000),
(158, 15, 41, 14, 208.0000, 1.0000),
(159, 16, 33, 1, 0.6420, 1.0000),
(160, 16, 35, 5, 208.0000, 1.0000),
(161, 16, 36, 8, 208.0000, 1.0000),
(162, 16, 37, 10, 208.0000, 1.0000),
(163, 16, 38, 10, 208.0000, 1.0000),
(164, 16, 39, 18, 208.0000, 1.0000),
(165, 16, 40, 13, 208.0000, 1.0000),
(166, 16, 43, 17, 208.0000, 1.0000),
(167, 16, 42, 16, 208.0000, 1.0000),
(168, 16, 41, 14, 208.0000, 1.0000),
(169, 17, 33, 1, 0.6550, 1.0000),
(170, 17, 35, 5, 212.0000, 1.0000),
(171, 17, 36, 8, 212.0000, 1.0000),
(172, 17, 37, 10, 212.0000, 1.0000),
(173, 17, 38, 10, 212.0000, 1.0000),
(174, 17, 39, 18, 212.0000, 1.0000),
(175, 17, 40, 13, 212.0000, 1.0000),
(176, 17, 43, 17, 212.0000, 1.0000),
(177, 17, 42, 16, 212.0000, 1.0000),
(178, 17, 41, 14, 212.0000, 1.0000),
(179, 18, 33, 1, 0.7410, 1.0000),
(180, 18, 35, 5, 240.0000, 1.0000),
(181, 18, 36, 8, 240.0000, 1.0000),
(182, 18, 37, 10, 240.0000, 1.0000),
(183, 18, 38, 10, 240.0000, 1.0000),
(184, 18, 39, 18, 240.0000, 1.0000),
(185, 18, 40, 13, 240.0000, 1.0000),
(186, 18, 43, 17, 240.0000, 1.0000),
(187, 18, 42, 16, 240.0000, 1.0000),
(188, 18, 41, 14, 240.0000, 1.0000),
(189, 19, 33, 1, 0.4450, 1.0000),
(190, 19, 35, 5, 144.0000, 1.0000),
(191, 19, 36, 8, 144.0000, 1.0000),
(192, 19, 37, 10, 144.0000, 1.0000),
(193, 19, 38, 10, 144.0000, 1.0000),
(194, 19, 39, 18, 144.0000, 1.0000),
(195, 19, 40, 13, 144.0000, 1.0000),
(196, 19, 43, 17, 144.0000, 1.0000),
(197, 19, 42, 16, 144.0000, 1.0000),
(198, 19, 41, 14, 144.0000, 1.0000),
(200, 20, 33, 1, 0.3859, 1.0000),
(201, 20, 35, 5, 125.0000, 1.0000),
(202, 20, 36, 8, 125.0000, 1.0000),
(203, 20, 37, 10, 125.0000, 1.0000),
(204, 20, 38, 10, 125.0000, 1.0000),
(205, 20, 39, 18, 125.0000, 1.0000),
(206, 20, 40, 13, 125.0000, 1.0000),
(207, 20, 43, 17, 125.0000, 1.0000),
(208, 20, 42, 16, 125.0000, 1.0000),
(209, 20, 41, 14, 125.0000, 1.0000),
(210, 21, 33, 1, 0.3149, 1.0000),
(211, 21, 35, 5, 102.0000, 1.0000),
(212, 21, 36, 8, 102.0000, 1.0000),
(213, 21, 37, 10, 102.0000, 1.0000),
(214, 21, 38, 10, 102.0000, 1.0000),
(215, 21, 39, 18, 102.0000, 1.0000),
(216, 21, 40, 13, 102.0000, 1.0000),
(217, 21, 43, 17, 102.0000, 1.0000),
(218, 21, 42, 16, 102.0000, 1.0000),
(219, 21, 41, 14, 102.0000, 1.0000),
(220, 22, 33, 1, 0.5680, 1.0000),
(221, 22, 35, 5, 184.0000, 1.0000),
(222, 22, 36, 8, 184.0000, 1.0000),
(223, 22, 37, 10, 184.0000, 1.0000),
(224, 22, 38, 10, 184.0000, 1.0000),
(225, 22, 39, 18, 184.0000, 1.0000),
(226, 22, 40, 13, 184.0000, 1.0000),
(227, 22, 43, 17, 184.0000, 1.0000),
(228, 22, 42, 16, 184.0000, 1.0000),
(229, 22, 41, 14, 184.0000, 1.0000),
(230, 23, 34, 1, 3.1150, 1.0000),
(231, 23, 35, 5, 1118.0000, 1.0000),
(232, 23, 36, 8, 1118.0000, 1.0000),
(233, 23, 37, 10, 1118.0000, 1.0000),
(234, 23, 38, 10, 1118.0000, 1.0000),
(235, 23, 39, 18, 1118.0000, 1.0000),
(236, 23, 40, 13, 1118.0000, 1.0000),
(237, 23, 43, 17, 1118.0000, 1.0000),
(239, 23, 42, 16, 1118.0000, 1.0000),
(240, 23, 41, 14, 1118.0000, 1.0000),
(241, 13, 6, 2, 1.0000, 1.0000),
(242, 13, 33, 1, 0.6610, 1.0000),
(243, 13, 35, 5, 214.0000, 1.0000),
(244, 13, 36, 8, 214.0000, 1.0000),
(245, 13, 37, 10, 214.0000, 1.0000),
(246, 13, 38, 10, 214.0000, 1.0000),
(247, 13, 39, 18, 214.0000, 1.0000),
(248, 13, 40, 13, 214.0000, 1.0000),
(249, 13, 43, 17, 214.0000, 1.0000),
(250, 13, 42, 16, 214.0000, 1.0000),
(251, 13, 41, 14, 214.0000, 1.0000),
(252, 24, 17, 2, 1.0000, 1.1200),
(254, 24, 34, 1, 0.6017, 1.0000),
(255, 24, 35, 5, 216.0000, 1.0000),
(256, 24, 36, 8, 216.0000, 1.0000),
(257, 24, 37, 10, 216.0000, 1.0000),
(258, 24, 38, 10, 216.0000, 1.0000),
(259, 24, 39, 18, 216.0000, 1.0000),
(260, 24, 40, 13, 216.0000, 1.0000),
(261, 24, 43, 17, 216.0000, 1.0000),
(262, 24, 42, 16, 216.0000, 1.0000),
(263, 24, 41, 14, 216.0000, 1.0000),
(264, 25, 13, 4, 1.0000, 1.1200),
(265, 25, 34, 1, 3.1150, 1.0000),
(266, 25, 35, 5, 1118.0000, 1.0000),
(267, 25, 36, 8, 1118.0000, 1.0000),
(268, 25, 37, 10, 1118.0000, 1.0000),
(269, 25, 38, 10, 1118.0000, 1.0000),
(270, 25, 39, 18, 1118.0000, 1.0000),
(271, 25, 40, 13, 1118.0000, 1.0000),
(272, 25, 43, 17, 1118.0000, 1.0000),
(273, 25, 42, 16, 1118.0000, 1.0000),
(274, 25, 41, 14, 1118.0000, 1.0000),
(275, 26, 14, 2, 1.0000, 1.1200),
(276, 26, 34, 1, 3.1150, 1.0000),
(277, 26, 35, 5, 1118.0000, 1.0000),
(278, 26, 36, 8, 1118.0000, 1.0000),
(279, 26, 37, 10, 1118.0000, 1.0000),
(280, 26, 38, 10, 1118.0000, 1.0000),
(281, 26, 39, 18, 1118.0000, 1.0000),
(282, 26, 40, 13, 1118.0000, 1.0000),
(283, 26, 43, 17, 1118.0000, 1.0000),
(284, 26, 42, 16, 1118.0000, 1.0000),
(285, 26, 41, 14, 1118.0000, 1.0000),
(286, 27, 21, 4, 1.0000, 1.1800),
(288, 27, 34, 1, 0.5042, 1.0000),
(289, 27, 35, 5, 181.0000, 1.0000),
(290, 27, 36, 8, 181.0000, 1.0000),
(291, 27, 38, 10, 181.0000, 1.0000),
(292, 27, 39, 18, 181.0000, 1.0000),
(293, 27, 40, 13, 181.0000, 1.0000),
(294, 27, 43, 17, 181.0000, 1.0000),
(295, 27, 42, 16, 181.0000, 1.0000),
(296, 27, 41, 14, 181.0000, 1.0000),
(297, 27, 37, 10, 181.0000, 1.0000),
(298, 28, 5, 4, 1.0000, 1.0800),
(299, 28, 34, 1, 0.5767, 1.0000),
(300, 28, 35, 5, 207.0000, 1.0000),
(301, 28, 36, 8, 207.0000, 1.0000),
(302, 28, 37, 10, 207.0000, 1.0000),
(303, 28, 38, 10, 207.0000, 1.0000),
(304, 28, 39, 18, 207.0000, 1.0000),
(305, 28, 40, 13, 207.0000, 1.0000),
(306, 28, 43, 17, 207.0000, 1.0000),
(307, 28, 42, 16, 207.0000, 1.0000),
(308, 28, 41, 14, 207.0000, 1.0000),
(309, 29, 10, 2, 1.0000, 1.0100),
(310, 29, 34, 1, 0.3928, 1.0000),
(311, 29, 35, 5, 141.0000, 1.0000),
(312, 29, 36, 8, 141.0000, 1.0000),
(313, 29, 37, 10, 141.0000, 1.0000),
(314, 29, 38, 10, 141.0000, 1.0000),
(315, 29, 39, 18, 141.0000, 1.0000),
(316, 29, 40, 13, 141.0000, 1.0000),
(317, 29, 43, 17, 141.0000, 1.0000),
(318, 29, 42, 16, 141.0000, 1.0000),
(319, 29, 41, 14, 141.0000, 1.0000),
(320, 30, 11, 2, 1.0000, 1.1400),
(321, 30, 34, 1, 0.6501, 1.0000),
(322, 30, 35, 5, 233.0000, 1.0000),
(323, 30, 36, 8, 233.0000, 1.0000),
(324, 30, 37, 10, 233.0000, 1.0000),
(325, 30, 38, 10, 233.0000, 1.0000),
(326, 30, 39, 18, 233.0000, 1.0000),
(327, 30, 40, 13, 233.0000, 1.0000),
(328, 30, 43, 17, 233.0000, 1.0000),
(329, 30, 42, 16, 233.0000, 1.0000),
(330, 30, 41, 14, 233.0000, 1.0000),
(331, 31, 32, 2, 1.0000, 1.1400),
(332, 31, 34, 1, 0.4810, 1.0000),
(333, 31, 35, 5, 172.0000, 1.0000),
(334, 31, 36, 8, 172.0000, 1.0000),
(335, 31, 37, 10, 172.0000, 1.0000),
(336, 31, 38, 10, 172.0000, 1.0000),
(337, 31, 39, 18, 172.0000, 1.0000),
(338, 31, 40, 13, 172.0000, 1.0000),
(339, 31, 43, 17, 172.0000, 1.0000),
(340, 31, 42, 16, 172.0000, 1.0000),
(341, 31, 41, 14, 172.0000, 1.0000),
(342, 32, 31, 4, 1.0000, 1.1400),
(343, 32, 34, 1, 0.4151, 1.0000),
(344, 32, 35, 5, 149.0000, 1.0000),
(345, 32, 36, 8, 149.0000, 1.0000),
(346, 32, 37, 10, 149.0000, 1.0000),
(347, 32, 38, 10, 149.0000, 1.0000),
(348, 32, 39, 18, 149.0000, 1.0000),
(349, 32, 40, 13, 149.0000, 1.0000),
(350, 32, 43, 17, 149.0000, 1.0000),
(351, 32, 42, 16, 149.0000, 1.0000),
(352, 32, 41, 14, 149.0000, 1.0000),
(364, 34, 24, 2, 1.0000, 1.1600),
(365, 34, 34, 1, 0.6686, 1.0000),
(366, 34, 35, 5, 240.0000, 1.0000),
(367, 34, 36, 8, 240.0000, 1.0000),
(368, 34, 37, 10, 240.0000, 1.0000),
(369, 34, 38, 10, 240.0000, 1.0000),
(370, 34, 39, 18, 240.0000, 1.0000),
(371, 34, 40, 13, 240.0000, 1.0000),
(372, 34, 43, 17, 240.0000, 1.0000),
(373, 34, 42, 16, 240.0000, 1.0000),
(374, 34, 41, 14, 240.0000, 1.0000),
(375, 35, 26, 2, 1.0000, 1.0300),
(376, 35, 34, 1, 0.3482, 1.0000),
(377, 35, 35, 5, 125.0000, 1.0000),
(378, 35, 36, 8, 125.0000, 1.0000),
(379, 35, 37, 10, 125.0000, 1.0000),
(380, 35, 38, 10, 125.0000, 1.0000),
(381, 35, 39, 18, 125.0000, 1.0000),
(382, 35, 40, 13, 125.0000, 1.0000),
(383, 35, 43, 17, 125.0000, 1.0000),
(384, 35, 42, 16, 125.0000, 1.0000),
(385, 35, 41, 14, 125.0000, 1.0000),
(386, 36, 18, 2, 1.0000, 1.0500),
(387, 36, 34, 1, 0.2786, 1.0000),
(388, 36, 35, 5, 100.0000, 1.0000),
(389, 36, 36, 8, 100.0000, 1.0000),
(390, 36, 37, 10, 100.0000, 1.0000),
(391, 36, 38, 10, 100.0000, 1.0000),
(392, 36, 39, 18, 100.0000, 1.0000),
(393, 36, 40, 13, 100.0000, 1.0000),
(394, 36, 43, 17, 100.0000, 1.0000),
(395, 36, 42, 16, 100.0000, 1.0000),
(396, 36, 41, 14, 100.0000, 1.0000),
(397, 37, 29, 2, 1.0000, 1.1000),
(403, 37, 34, 1, 0.2690, 1.0000),
(404, 37, 35, 5, 96.0000, 1.0000),
(405, 37, 36, 8, 96.0000, 1.0000),
(406, 37, 37, 10, 96.0000, 1.0000),
(407, 37, 38, 10, 96.0000, 1.0000),
(408, 37, 39, 18, 96.0000, 1.0000),
(409, 37, 40, 13, 96.0000, 1.0000),
(410, 37, 43, 17, 96.0000, 1.0000),
(411, 37, 42, 16, 96.0000, 1.0000),
(412, 37, 41, 14, 96.0000, 1.0000),
(413, 10, 38, 10, 207.0000, 1.0000),
(418, 33, 23, 2, 1.0000, 1.1600),
(419, 33, 34, 1, 0.5126, 1.0000),
(420, 33, 35, 5, 184.0000, 1.0000),
(421, 33, 36, 8, 184.0000, 1.0000),
(422, 33, 37, 10, 184.0000, 1.0000),
(423, 33, 38, 10, 184.0000, 1.0000),
(424, 33, 39, 18, 184.0000, 1.0000),
(425, 33, 40, 13, 184.0000, 1.0000),
(426, 33, 43, 17, 184.0000, 1.0000),
(427, 33, 42, 16, 184.0000, 1.0000),
(428, 33, 41, 14, 184.0000, 1.0000),
(429, 7, 20, 2, 1.0000, 1.1200),
(430, 7, 33, 1, 1.5031, 1.0000),
(431, 7, 35, 5, 487.0000, 1.0000),
(432, 7, 36, 8, 487.0000, 1.0000),
(433, 7, 37, 10, 487.0000, 1.0000),
(434, 7, 38, 10, 487.0000, 1.0000),
(435, 7, 39, 18, 487.0000, 1.0000),
(436, 7, 40, 13, 487.0000, 1.0000),
(437, 7, 43, 17, 487.0000, 1.0000),
(438, 7, 42, 16, 487.0000, 1.0000),
(439, 7, 41, 14, 487.0000, 1.0000);

-- --------------------------------------------------------

--
-- Estrutura da tabela `bit_db_estoque`
--

CREATE TABLE IF NOT EXISTS `bit_db_estoque` (
  `estoque_id` int(11) NOT NULL AUTO_INCREMENT,
  `estoque_codigo` int(11) NOT NULL,
  `estoque_nome` varchar(120) NOT NULL,
  `estoque_qtde` double(25,4) NOT NULL,
  `estoque_reducao` int(1) NOT NULL DEFAULT '0',
  PRIMARY KEY (`estoque_id`),
  UNIQUE KEY `estoque_codigo` (`estoque_codigo`)
) ENGINE=InnoDB  DEFAULT CHARSET=latin1 AUTO_INCREMENT=24 ;

--
-- Extraindo dados da tabela `bit_db_estoque`
--

INSERT INTO `bit_db_estoque` (`estoque_id`, `estoque_codigo`, `estoque_nome`, `estoque_qtde`, `estoque_reducao`) VALUES
(1, 1, 'ÁGUA POTÁVEL', 124.8900, 0),
(2, 5, 'CALDO DE GALINHA', 1.6000, 0),
(3, 9, 'COLORÍFICO', 3.2000, 0),
(5, 14, 'CEBOLA INDIANA', 0.2600, 0),
(6, 17, 'HORT PIMENTÃO', 0.6000, 0),
(7, 18, 'HORT SALSA', 0.6000, 0),
(8, 34, 'PEITO DE FRANGO SEM OSSO', 43.0000, 0),
(9, 37, 'PROTEINA DE SOJA CLARA', 4.0000, 0),
(10, 46, 'SAL REFINADO', 1.7800, 0),
(13, 11, 'FARINHA INTEGRAL', 2.5000, 0),
(16, 13, 'GORDURA VEGETAL', 10.1000, 0),
(19, 39, 'QUEIJO CHEDDAR', 18.8000, 0),
(23, 10, 'FARINHA DE TRIGO CONFEITARIA', 51.5500, 0);

-- --------------------------------------------------------

--
-- Estrutura da tabela `bit_db_materia`
--

CREATE TABLE IF NOT EXISTS `bit_db_materia` (
  `materia_id` int(11) NOT NULL AUTO_INCREMENT,
  `materia_nome` varchar(120) NOT NULL,
  `materia_unid` varchar(4) NOT NULL,
  `materia_valor` float(25,4) NOT NULL,
  `materia_fator` float(25,4) NOT NULL,
  `materia_atualizado` timestamp NOT NULL DEFAULT CURRENT_TIMESTAMP ON UPDATE CURRENT_TIMESTAMP,
  `materia_deletado` int(1) NOT NULL DEFAULT '0',
  PRIMARY KEY (`materia_id`)
) ENGINE=InnoDB  DEFAULT CHARSET=latin1 AUTO_INCREMENT=94 ;

--
-- Extraindo dados da tabela `bit_db_materia`
--

INSERT INTO `bit_db_materia` (`materia_id`, `materia_nome`, `materia_unid`, `materia_valor`, `materia_fator`, `materia_atualizado`, `materia_deletado`) VALUES
(1, 'ÁGUA POTÁVEL', 'LT', 0.0078, 1.0000, '2015-08-27 13:12:34', 0),
(2, 'AMIDO DE MILHO', 'KG', 1.5200, 1.0000, '2015-10-20 15:43:44', 0),
(3, 'AZEITONA VERDE FATIADA', 'KG', 10.4900, 1.0000, '2015-08-27 13:13:37', 0),
(4, 'CALDO DE CARNE', 'KG', 2.7000, 1.0000, '2015-10-20 15:46:20', 0),
(5, 'CALDO DE GALINHA', 'KG', 2.7000, 1.0000, '2015-10-20 15:46:37', 0),
(6, 'CALDO DE LEGUMES', 'KG', 2.7000, 1.0000, '2015-10-20 15:46:50', 0),
(7, 'CAMARÃO ', 'KG', 22.0000, 1.0000, '2015-08-27 13:14:15', 0),
(8, 'CARNE BOVINA', 'KG', 11.2000, 1.0000, '2015-10-20 15:47:07', 0),
(9, 'COLORÍFICO', 'KG', 2.6000, 1.0000, '2015-10-20 15:47:21', 0),
(10, 'FARINHA DE TRIGO CONFEITARIA', 'KG', 1.4800, 1.0000, '2015-10-20 15:47:37', 0),
(11, 'FARINHA INTEGRAL', 'KG', 1.7600, 1.0000, '2015-10-20 15:47:53', 0),
(12, 'GLUTAMATO MONOSSÓDICO', 'KG', 8.7500, 1.0000, '2015-10-20 15:48:34', 0),
(13, 'GORDURA VEGETAL', 'KG', 4.4600, 1.0000, '2015-10-20 15:48:52', 0),
(14, 'CEBOLA INDIANA', 'KG', 15.8000, 1.0000, '2015-10-20 15:49:04', 0),
(15, 'HORT BRÓCOLIS', 'KG', 5.3000, 1.0000, '2015-08-25 16:19:25', 0),
(16, 'HORT CENOURA', 'KG', 2.0000, 1.2600, '2015-09-08 11:13:16', 0),
(17, 'HORT PIMENTÃO', 'KG', 3.5000, 1.1200, '2015-10-20 15:49:17', 0),
(18, 'HORT SALSA', 'KG', 11.1100, 1.0000, '2015-08-27 14:38:03', 0),
(19, 'HORT ESPINAFRE', 'KG', 5.3500, 1.0000, '2015-09-02 19:43:50', 0),
(22, 'REQUEIJÃO', 'KG', 1.5232, 1.0600, '2015-09-08 11:10:00', 0),
(23, 'CALDO DE CAMARÃO', 'KG', 2.7000, 1.0000, '2015-10-20 15:49:52', 0),
(24, 'HORT TOMATE', 'KG', 1.5000, 1.1100, '2015-10-20 15:50:07', 0),
(25, 'HOT TOMATE SEM SEMENTE', 'KG', 1.8700, 1.3000, '2015-09-08 11:14:10', 0),
(26, 'IOGURTE NATURAL', 'LT', 3.6000, 1.0000, '2015-09-22 12:52:42', 0),
(27, 'LEITE PASTEURIZADO', 'LT', 1.5500, 1.0000, '2015-08-25 19:02:59', 0),
(28, 'LINGUIÇA CALABRESA', 'KG', 6.8000, 1.0200, '2015-10-20 15:50:36', 0),
(29, 'MARGARINA 80%', 'KG', 3.4500, 1.0000, '2015-10-20 15:50:56', 0),
(30, 'MILHO EM CONSERVA', 'KG', 4.2600, 1.0000, '2015-08-25 19:04:37', 0),
(31, 'OLEO DE SOJA', 'LT', 2.5225, 1.0000, '2015-08-25 19:14:34', 0),
(32, 'ORÉGANO', 'KG', 12.5000, 1.0000, '2015-10-20 15:51:17', 0),
(33, 'PALMITO PICADO', 'KG', 7.1759, 1.0000, '2015-09-02 17:49:37', 0),
(34, 'PEITO DE FRANGO SEM OSSO', 'KG', 6.9500, 1.0000, '2015-10-20 15:51:58', 0),
(35, 'PEITO DE PERU PERFUMADO', 'KG', 10.8000, 1.0000, '2015-10-20 15:52:17', 0),
(36, 'PRESUNTO COZIDO', 'KG', 9.6000, 1.0000, '2015-10-20 15:52:34', 0),
(37, 'PROTEINA DE SOJA CLARA', 'KG', 4.7000, 1.0000, '2015-10-20 16:07:29', 0),
(38, 'PROTEINA DE SOJA ESCURA', 'KG', 4.7000, 1.0000, '2015-10-20 16:07:51', 0),
(39, 'QUEIJO CHEDDAR', 'KG', 4.8333, 1.0000, '2015-08-26 13:02:25', 0),
(40, 'QUEIJO GORGONZOLA', 'KG', 19.4000, 1.0000, '2015-08-26 13:03:23', 0),
(41, 'QUEIJO MUSSARELA', 'KG', 12.0000, 1.0000, '2015-08-26 13:04:23', 0),
(42, 'QUEIJO PARMESÃO RALADO', 'KG', 33.1000, 1.0000, '2015-10-20 16:08:09', 0),
(43, 'QUEIJO PRATO', 'KG', 12.0000, 1.0000, '2015-08-26 13:06:58', 0),
(44, 'QUEIJO PROVOLONE', 'KG', 15.0000, 1.0000, '2015-10-20 16:08:28', 0),
(45, 'QUEIJO RICOTA', 'KG', 3.6000, 1.0000, '2015-08-26 13:08:53', 0),
(46, 'SAL REFINADO', 'KG', 0.4600, 1.0000, '2015-10-20 16:08:48', 0),
(47, 'TOMATE SECO EM CONSERVA', 'KG', 12.3000, 1.0000, '2015-10-20 16:09:09', 0),
(53, 'CARNE SECA', 'KG', 29.9000, 1.0000, '2015-09-02 19:24:18', 0),
(79, 'EMBALAGEM PRIMÁRIA', 'KG', 18.1400, 1.0000, '2015-09-11 10:37:40', 0),
(80, 'EMBALAGEM SECUNDÁRIA', 'KG', 12.9500, 1.0000, '2015-09-10 20:16:04', 0),
(81, 'EMBALAGEM TERCIÁRIA - CAIXA PAPELÃO', 'UND', 1.9594, 1.0000, '2015-10-20 18:35:46', 0),
(82, 'ETIQUETA', 'UND', 0.0329, 1.0000, '2015-09-21 14:29:19', 0),
(83, 'RIBON', 'M', 0.0896, 1.0000, '2015-09-21 19:03:08', 0),
(84, 'FITA ADESIVA', 'M', 0.0796, 1.0000, '2015-09-21 19:24:32', 0),
(85, 'SOLVENTE', 'LT', 240.0000, 1.0000, '2015-10-20 16:09:27', 0),
(86, 'TINTA COMESTIVEL', 'LT', 125.0000, 1.0000, '2015-09-22 12:46:39', 0),
(87, 'RIBON OK', 'M', 0.1541, 1.0000, '2015-09-22 18:35:59', 0),
(88, 'RECHEIO FRANGO', 'KG', 3.0511, 1.1200, '2015-09-22 14:35:31', 0),
(89, 'RECHEIO QUATRO QUEIJOS', 'KG', 6.4532, 1.0500, '2015-09-22 14:36:47', 0),
(90, 'RECHEIO CENOURA', 'KG', 1.5908, 1.1400, '2015-10-21 16:22:17', 0),
(91, 'RECHEIO BROCOLIS', 'KG', 2.4103, 1.1800, '2015-10-21 16:42:12', 0),
(92, 'RECHEIO PALMITO', 'KG', 4.3640, 1.1600, '2015-10-21 16:41:37', 0),
(93, 'RECHEIO ESPINAFRE', 'KG', 4.0968, 1.1400, '2015-10-21 16:41:57', 0);

-- --------------------------------------------------------

--
-- Estrutura da tabela `bit_db_permissao`
--

CREATE TABLE IF NOT EXISTS `bit_db_permissao` (
  `permissao_id` int(11) NOT NULL AUTO_INCREMENT,
  `modulo_descricao` varchar(20) NOT NULL,
  `db_usuario_id` int(11) DEFAULT NULL,
  `permissao_checked` int(1) NOT NULL DEFAULT '0',
  `permissao_original` int(1) NOT NULL DEFAULT '0',
  PRIMARY KEY (`permissao_id`)
) ENGINE=InnoDB  DEFAULT CHARSET=utf8 AUTO_INCREMENT=81 ;

--
-- Extraindo dados da tabela `bit_db_permissao`
--

INSERT INTO `bit_db_permissao` (`permissao_id`, `modulo_descricao`, `db_usuario_id`, `permissao_checked`, `permissao_original`) VALUES
(1, 'principal', 1, 0, 1),
(2, 'produto_empanadas', 1, 0, 1),
(3, 'produto_recheio', 1, 0, 1),
(4, 'produto_material', 1, 0, 1),
(5, 'parametros_regras', 1, 0, 1),
(6, 'parametros_unidade', 1, 0, 1),
(7, 'seguranca_usuarios', 1, 0, 1),
(8, 'seguranca_permissao', 1, 0, 1),
(9, 'impressao_relatorio', 1, 0, 1),
(10, 'execute_aplicacao', 1, 0, 1),
(11, 'principal', 3, 1, 1),
(12, 'produto_empanadas', 3, 1, 0),
(13, 'produto_recheio', 3, 1, 0),
(14, 'produto_material', 3, 1, 0),
(15, 'parametros_regras', 3, 1, 0),
(16, 'parametros_unidade', 3, 1, 0),
(17, 'seguranca_usuarios', 3, 1, 0),
(18, 'seguranca_permissao', 3, 1, 0),
(19, 'impressao_relatorio', 3, 1, 0),
(20, 'execute_aplicacao', 3, 1, 0),
(41, 'principal', 109, 1, 0),
(42, 'produto_empanadas', 109, 1, 0),
(43, 'produto_recheio', 109, 1, 0),
(44, 'produto_material', 109, 1, 0),
(45, 'parametros_regras', 109, 1, 0),
(46, 'parametros_unidade', 109, 1, 0),
(47, 'seguranca_usuarios', 109, 1, 0),
(48, 'seguranca_permissao', 109, 1, 0),
(49, 'impressao_relatorio', 109, 1, 0),
(50, 'execute_aplicacao', 109, 1, 0),
(61, 'principal', 110, 1, 0),
(62, 'produto_empanadas', 110, 1, 0),
(63, 'produto_recheio', 110, 1, 0),
(64, 'produto_material', 110, 1, 0),
(65, 'parametros_regras', 110, 1, 0),
(66, 'parametros_unidade', 110, 1, 0),
(67, 'seguranca_usuarios', 110, 1, 0),
(68, 'seguranca_permissao', 110, 1, 0),
(69, 'impressao_relatorio', 110, 1, 0),
(70, 'execute_aplicacao', 110, 1, 0),
(71, 'principal', 111, 1, 0),
(72, 'produto_empanadas', 111, 1, 0),
(73, 'produto_recheio', 111, 1, 0),
(74, 'produto_material', 111, 1, 0),
(75, 'parametros_regras', 111, 1, 0),
(76, 'parametros_unidade', 111, 1, 0),
(77, 'seguranca_usuarios', 111, 1, 0),
(78, 'seguranca_permissao', 111, 1, 0),
(79, 'impressao_relatorio', 111, 1, 0),
(80, 'execute_aplicacao', 111, 1, 0);

-- --------------------------------------------------------

--
-- Estrutura da tabela `bit_db_recheio`
--

CREATE TABLE IF NOT EXISTS `bit_db_recheio` (
  `recheio_id` int(11) NOT NULL AUTO_INCREMENT,
  `recheio_nome` varchar(80) NOT NULL,
  `recheio_regra` decimal(31,11) NOT NULL,
  `recheio_atualizado` timestamp NOT NULL DEFAULT CURRENT_TIMESTAMP ON UPDATE CURRENT_TIMESTAMP,
  `recheio_deletado` int(1) NOT NULL DEFAULT '0',
  PRIMARY KEY (`recheio_id`)
) ENGINE=InnoDB  DEFAULT CHARSET=latin1 AUTO_INCREMENT=44 ;

--
-- Extraindo dados da tabela `bit_db_recheio`
--

INSERT INTO `bit_db_recheio` (`recheio_id`, `recheio_nome`, `recheio_regra`, `recheio_atualizado`, `recheio_deletado`) VALUES
(2, 'REQUEIJÃO', '0.01499999966', '2015-08-26 14:52:42', 0),
(3, 'BROCOLIS', '0.07000000000', '2015-09-22 19:25:48', 0),
(4, 'CALABRESA', '0.07000000000', '2015-09-22 19:25:55', 0),
(5, 'CALABRESA COM CHEDDAR', '0.08500000000', '2015-09-22 19:26:01', 0),
(6, 'CALABRESA COM QUEIJO', '0.07000000000', '2015-09-22 19:26:05', 0),
(7, 'CAMARÃO', '0.07000000000', '2015-09-22 19:26:09', 0),
(8, 'CARNE', '0.07000000000', '2015-09-22 19:26:14', 0),
(9, 'CARNE COM CHEDDAR', '0.08500000000', '2015-09-22 19:26:19', 0),
(10, 'CATUPERU', '0.07000000000', '2015-09-22 19:26:23', 0),
(11, 'CENOURA COM RICOTA', '0.07000000000', '2015-09-22 19:26:28', 0),
(13, 'FRANGO COM CHEDDAR', '0.08500000000', '2015-09-22 19:27:27', 0),
(14, 'FRANGO', '0.07000000000', '2015-09-22 19:27:32', 0),
(16, 'FRANGO COM REQUEIJÃO', '0.08500000000', '2015-09-22 19:27:37', 0),
(17, 'FRANGO COM PALMITO', '0.07000000000', '2015-09-22 19:27:41', 0),
(18, 'QUATRO QUEIJOS', '0.07000000000', '2015-09-22 19:28:22', 0),
(19, 'FRANGO COM 4 QUEIJOS', '0.07000000000', '2015-09-22 19:28:28', 0),
(20, 'FRANGO COM AZEITONA', '0.07000000000', '2015-09-22 19:28:32', 0),
(21, 'BROCOLIS COM REQUEIJÃO', '0.08500000000', '2015-09-22 19:28:35', 0),
(22, 'CENOURA', '0.07000000000', '2015-09-22 19:28:37', 0),
(23, 'LEGUMES', '0.07000000000', '2015-09-22 19:28:41', 0),
(24, 'PALMITO', '0.07000000000', '2015-09-22 19:28:44', 0),
(25, 'PORTUGUESA', '0.07000000000', '2015-09-22 19:28:48', 0),
(26, 'PRESUNTO E QUEIJO', '0.07000000000', '2015-09-22 19:28:53', 0),
(27, 'QUEIJO COM PALMITO', '0.07000000000', '2015-09-22 19:28:56', 0),
(28, 'CARNE SECA', '0.07000000000', '2015-09-22 19:29:01', 0),
(29, 'QUEIJO COM TOMATE SECO', '0.07000000000', '2015-09-22 19:29:05', 0),
(30, 'ESPINAFRE', '0.07000000000', '2015-09-22 19:29:08', 0),
(31, 'ESPINAFRE COM CHEDDAR', '0.08500000000', '2015-09-22 19:29:12', 0),
(32, 'ESPINAFRE COM RICOTA', '0.07000000000', '2015-09-22 19:29:15', 0),
(33, 'MASSA BRANCA', '0.10000000000', '2015-09-22 19:25:23', 0),
(34, 'MASSA INTEGRAL', '0.10000000000', '2015-09-22 19:28:01', 0),
(35, 'EMBALAGEM PRIMARIA', '0.00190000000', '2015-09-22 19:27:55', 0),
(36, 'EMBALAGEM SECUNDÁRIA', '0.00280000000', '2015-09-22 19:31:58', 0),
(37, 'EMBALAGEM TERCEÁRIA - CX DE PAPELÃO', '0.01670000000', '2015-09-22 19:32:38', 0),
(38, 'ETIQUETA', '0.01670000000', '2015-09-22 19:32:24', 0),
(39, 'RIBON', '0.00007830000', '2015-09-22 19:49:29', 0),
(40, 'FITA ADESIVA', '0.02000000000', '2015-09-22 19:35:12', 0),
(41, 'SOLVENTE', '0.00008570000', '2015-09-22 18:16:38', 0),
(42, 'TINTA COMESTIVEL', '0.00000263157', '2015-09-22 18:18:55', 0),
(43, 'RIBON OK', '0.08571000000', '2015-09-22 19:36:06', 0);

-- --------------------------------------------------------

--
-- Estrutura da tabela `bit_db_recheio_items`
--

CREATE TABLE IF NOT EXISTS `bit_db_recheio_items` (
  `r_items_id` int(11) NOT NULL AUTO_INCREMENT,
  `db_recheio_id` int(11) NOT NULL,
  `db_materia_id` int(11) NOT NULL,
  `r_items_qtde` decimal(31,11) NOT NULL,
  `r_items_atualisado` timestamp NOT NULL DEFAULT CURRENT_TIMESTAMP ON UPDATE CURRENT_TIMESTAMP,
  PRIMARY KEY (`r_items_id`)
) ENGINE=InnoDB  DEFAULT CHARSET=latin1 AUTO_INCREMENT=298 ;

--
-- Extraindo dados da tabela `bit_db_recheio_items`
--

INSERT INTO `bit_db_recheio_items` (`r_items_id`, `db_recheio_id`, `db_materia_id`, `r_items_qtde`, `r_items_atualisado`) VALUES
(1, 1, 2, '0.80000000000', '2015-10-19 16:03:01'),
(4, 2, 27, '8.00000000000', '2015-08-26 17:36:02'),
(5, 2, 29, '1.00000000000', '2015-08-26 17:36:23'),
(6, 2, 46, '0.06000000000', '2015-10-19 16:03:24'),
(7, 3, 1, '7.50000000000', '2015-08-27 16:57:55'),
(10, 3, 10, '1.20000000000', '2015-10-19 16:03:29'),
(12, 3, 12, '0.10000000000', '2015-10-19 16:03:33'),
(13, 3, 15, '6.00000000000', '2015-08-27 17:05:47'),
(14, 3, 14, '0.10000000000', '2015-10-19 16:03:37'),
(15, 3, 46, '0.09000000000', '2015-10-19 16:03:41'),
(16, 4, 1, '6.00000000000', '2015-08-27 17:33:10'),
(17, 4, 9, '0.30000000000', '2015-10-19 16:03:45'),
(18, 4, 10, '1.00000000000', '2015-08-27 17:33:55'),
(19, 4, 12, '0.10000000000', '2015-10-19 16:03:53'),
(20, 4, 14, '0.10000000000', '2015-10-19 16:03:58'),
(21, 4, 17, '0.10000000000', '2015-10-19 16:04:03'),
(22, 4, 24, '1.00000000000', '2015-08-27 17:36:49'),
(23, 4, 18, '0.10000000000', '2015-10-19 16:04:07'),
(24, 4, 28, '7.00000000000', '2015-08-27 17:40:39'),
(25, 5, 1, '6.00000000000', '2015-08-27 17:45:04'),
(26, 5, 9, '0.30000000000', '2015-10-19 16:04:11'),
(27, 5, 10, '1.00000000000', '2015-08-27 17:45:34'),
(28, 5, 12, '0.10000000000', '2015-10-19 16:04:19'),
(29, 5, 14, '0.10000000000', '2015-10-19 16:59:28'),
(30, 5, 17, '0.10000000000', '2015-10-19 18:15:47'),
(31, 5, 24, '1.00000000000', '2015-08-27 17:46:47'),
(32, 5, 18, '0.10000000000', '2015-10-19 18:15:51'),
(33, 5, 28, '7.00000000000', '2015-08-27 17:47:15'),
(34, 5, 39, '3.36000000000', '2015-10-19 16:06:30'),
(35, 6, 28, '6.00000000000', '2015-08-27 17:49:18'),
(36, 6, 41, '1.50000000000', '2015-08-27 17:49:31'),
(37, 6, 43, '1.50000000000', '2015-08-27 17:49:45'),
(38, 6, 22, '6.00000000000', '2015-08-27 17:54:28'),
(39, 7, 1, '3.00000000000', '2015-08-27 17:56:10'),
(40, 7, 9, '0.30000000000', '2015-10-19 16:06:39'),
(42, 7, 7, '10.00000000000', '2015-08-27 17:56:50'),
(43, 7, 14, '0.10000000000', '2015-10-19 16:06:56'),
(44, 7, 17, '0.10000000000', '2015-10-19 16:09:21'),
(45, 7, 24, '1.00000000000', '2015-08-27 17:57:49'),
(46, 7, 18, '0.10000000000', '2015-10-19 16:09:26'),
(47, 7, 12, '0.10000000000', '2015-10-19 16:09:37'),
(48, 7, 46, '0.06000000000', '2015-10-19 16:09:42'),
(49, 7, 23, '0.20000000000', '2015-10-19 16:09:46'),
(52, 8, 1, '7.00000000000', '2015-09-02 17:16:20'),
(54, 8, 8, '5.00000000000', '2015-09-02 17:16:57'),
(60, 8, 24, '1.00000000000', '2015-09-02 17:20:52'),
(62, 8, 38, '1.00000000000', '2015-09-02 17:21:26'),
(64, 9, 1, '7.00000000000', '2015-09-02 17:27:39'),
(66, 9, 8, '5.00000000000', '2015-09-02 17:28:04'),
(72, 9, 24, '1.00000000000', '2015-09-02 17:29:33'),
(74, 9, 38, '1.00000000000', '2015-09-02 17:29:53'),
(78, 8, 4, '0.20000000000', '2015-10-19 16:09:54'),
(79, 8, 9, '0.40000000000', '2015-10-19 16:09:59'),
(81, 8, 10, '0.85000000000', '2015-10-19 16:10:03'),
(82, 8, 12, '0.09000000000', '2015-10-19 16:10:08'),
(83, 8, 14, '0.10000000000', '2015-10-19 16:10:45'),
(84, 8, 17, '0.10000000000', '2015-10-19 16:10:49'),
(85, 8, 18, '0.10000000000', '2015-10-19 16:10:55'),
(86, 8, 46, '0.07000000000', '2015-10-19 16:11:00'),
(87, 9, 4, '0.20000000000', '2015-10-19 16:52:42'),
(88, 9, 9, '0.40000000000', '2015-10-19 16:52:57'),
(89, 9, 10, '0.85000000000', '2015-10-19 16:53:02'),
(90, 9, 12, '0.09000000000', '2015-10-19 16:53:08'),
(91, 9, 14, '0.10000000000', '2015-10-19 16:53:12'),
(92, 9, 17, '0.10000000000', '2015-10-19 16:53:18'),
(93, 9, 18, '0.10000000000', '2015-10-19 16:53:26'),
(95, 9, 39, '3.40000000000', '2015-10-19 16:53:35'),
(96, 10, 25, '0.50000000000', '2015-09-02 19:20:51'),
(97, 10, 32, '0.01000000000', '2015-10-19 18:16:23'),
(98, 10, 35, '3.50000000000', '2015-09-02 19:36:45'),
(99, 10, 41, '1.00000000000', '2015-09-02 19:36:58'),
(100, 10, 43, '1.00000000000', '2015-09-02 19:37:17'),
(101, 10, 22, '4.00000000000', '2015-09-02 19:37:31'),
(102, 11, 1, '6.00000000000', '2015-09-02 19:40:14'),
(104, 11, 10, '1.20000000000', '2015-10-19 16:53:42'),
(105, 11, 12, '0.09000000000', '2015-10-19 16:53:46'),
(106, 11, 14, '0.10000000000', '2015-10-19 16:53:49'),
(107, 11, 16, '8.00000000000', '2015-09-02 19:46:25'),
(108, 11, 46, '0.08000000000', '2015-10-19 16:53:57'),
(109, 11, 45, '2.96000000000', '2015-10-19 16:54:03'),
(110, 11, 6, '0.20000000000', '2015-10-19 16:54:09'),
(112, 13, 5, '0.80000000000', '2015-10-19 16:54:13'),
(114, 13, 10, '5.77000000000', '2015-10-19 16:54:19'),
(116, 13, 14, '0.13000000000', '2015-10-19 16:54:33'),
(117, 13, 17, '0.30000000000', '2015-10-19 16:54:43'),
(118, 13, 18, '0.30000000000', '2015-10-19 16:54:39'),
(119, 13, 34, '21.50000000000', '2015-09-02 20:02:40'),
(121, 13, 46, '0.43000000000', '2015-10-19 16:54:47'),
(122, 13, 9, '1.60000000000', '2015-10-19 16:54:51'),
(123, 13, 37, '2.00000000000', '2015-09-02 20:07:48'),
(124, 13, 1, '54.94000000000', '2015-10-19 16:54:58'),
(125, 13, 39, '18.80000000000', '2015-10-19 16:55:06'),
(126, 14, 1, '54.94000000000', '2015-10-19 16:55:12'),
(127, 14, 5, '0.80000000000', '2015-10-19 16:55:16'),
(128, 14, 9, '1.60000000000', '2015-10-19 16:55:20'),
(129, 14, 10, '5.77000000000', '2015-10-19 16:55:27'),
(130, 14, 14, '0.13000000000', '2015-10-19 16:55:36'),
(131, 14, 17, '0.30000000000', '2015-10-19 16:55:40'),
(132, 14, 18, '0.30000000000', '2015-10-19 16:55:44'),
(133, 14, 34, '21.50000000000', '2015-09-02 20:17:22'),
(134, 14, 37, '2.00000000000', '2015-09-02 20:17:39'),
(135, 14, 46, '0.43000000000', '2015-10-19 16:55:48'),
(136, 16, 1, '54.94000000000', '2015-10-19 16:55:55'),
(137, 16, 5, '0.80000000000', '2015-10-19 16:56:00'),
(138, 16, 9, '1.60000000000', '2015-10-19 16:56:04'),
(139, 16, 10, '5.77000000000', '2015-10-19 16:56:10'),
(140, 16, 14, '0.13000000000', '2015-10-19 16:56:17'),
(141, 16, 17, '0.30000000000', '2015-10-19 16:56:21'),
(142, 16, 18, '0.30000000000', '2015-10-19 16:56:25'),
(143, 16, 34, '21.50000000000', '2015-09-02 20:30:46'),
(144, 16, 37, '2.00000000000', '2015-09-02 20:30:57'),
(145, 16, 46, '0.43000000000', '2015-10-19 16:56:29'),
(146, 16, 22, '18.80000000000', '2015-10-19 18:16:54'),
(148, 17, 33, '4.32000000000', '2015-10-19 18:17:01'),
(149, 18, 2, '0.50000000000', '2015-09-02 20:52:25'),
(150, 18, 27, '4.00000000000', '2015-09-02 20:52:38'),
(151, 18, 32, '0.01500000000', '2015-10-19 18:17:07'),
(152, 18, 40, '0.35000000000', '2015-10-19 16:56:35'),
(153, 18, 41, '2.00000000000', '2015-09-02 20:53:16'),
(154, 18, 42, '0.08500000000', '2015-10-19 16:56:40'),
(155, 18, 44, '0.50000000000', '2015-09-02 20:53:48'),
(156, 18, 46, '0.03000000000', '2015-10-19 16:56:46'),
(160, 20, 3, '2.00000000000', '2015-09-02 21:03:15'),
(161, 21, 1, '7.50000000000', '2015-09-02 21:17:39'),
(162, 21, 10, '1.20000000000', '2015-10-19 16:56:57'),
(163, 21, 12, '0.10000000000', '2015-10-19 16:57:03'),
(165, 21, 15, '6.00000000000', '2015-09-02 21:18:44'),
(166, 21, 14, '0.10000000000', '2015-10-19 16:57:09'),
(167, 21, 46, '0.09000000000', '2015-10-19 16:57:12'),
(168, 21, 22, '3.21000000000', '2015-10-19 16:57:17'),
(169, 22, 6, '0.20000000000', '2015-10-19 16:57:21'),
(170, 22, 1, '6.00000000000', '2015-09-02 21:21:33'),
(171, 22, 10, '1.20000000000', '2015-10-19 16:57:27'),
(172, 22, 12, '0.09000000000', '2015-10-19 16:57:30'),
(173, 22, 14, '0.10000000000', '2015-10-19 16:57:34'),
(174, 22, 16, '8.00000000000', '2015-09-02 21:23:00'),
(175, 22, 46, '0.08000000000', '2015-10-19 16:57:43'),
(181, 24, 1, '6.00000000000', '2015-09-02 21:49:17'),
(182, 24, 6, '0.25000000000', '2015-09-02 21:49:29'),
(183, 24, 10, '1.20000000000', '2015-10-19 16:57:48'),
(184, 24, 12, '0.12000000000', '2015-10-19 16:57:56'),
(185, 24, 14, '0.10000000000', '2015-10-19 16:58:01'),
(186, 24, 18, '0.10000000000', '2015-10-19 16:58:06'),
(187, 24, 24, '1.00000000000', '2015-09-02 21:50:37'),
(188, 24, 33, '10.80000000000', '2015-10-19 16:58:13'),
(189, 25, 3, '0.50000000000', '2015-09-02 22:02:06'),
(190, 25, 14, '0.10000000000', '2015-10-19 16:58:17'),
(193, 25, 41, '1.00000000000', '2015-09-02 22:03:08'),
(194, 25, 32, '0.01000000000', '2015-10-19 16:58:26'),
(195, 25, 36, '4.50000000000', '2015-09-02 22:10:55'),
(196, 25, 43, '1.00000000000', '2015-09-02 22:11:15'),
(197, 25, 22, '3.00000000000', '2015-09-02 22:11:26'),
(200, 26, 2, '0.45000000000', '2015-10-19 18:17:35'),
(201, 26, 27, '4.00000000000', '2015-09-02 22:13:27'),
(202, 26, 32, '0.01500000000', '2015-10-19 16:58:35'),
(203, 26, 36, '2.50000000000', '2015-09-02 22:13:59'),
(204, 26, 42, '0.08500000000', '2015-10-19 18:17:41'),
(205, 26, 41, '2.00000000000', '2015-09-02 22:14:33'),
(206, 26, 46, '0.03000000000', '2015-10-19 18:17:48'),
(207, 27, 41, '2.50000000000', '2015-09-02 22:18:01'),
(208, 27, 43, '2.50000000000', '2015-09-02 22:18:12'),
(210, 27, 22, '4.50000000000', '2015-09-02 22:18:40'),
(211, 28, 14, '0.10000000000', '2015-10-19 18:17:55'),
(212, 28, 17, '0.10000000000', '2015-10-19 18:17:59'),
(214, 28, 53, '5.00000000000', '2015-09-02 22:25:04'),
(215, 28, 4, '0.15000000000', '2015-10-19 18:18:02'),
(216, 28, 12, '0.05000000000', '2015-10-19 18:18:12'),
(217, 28, 9, '0.20000000000', '2015-10-19 18:18:16'),
(218, 28, 24, '1.00000000000', '2015-09-02 22:26:51'),
(219, 28, 18, '0.10000000000', '2015-10-19 18:18:20'),
(220, 28, 10, '1.20000000000', '2015-10-19 18:18:26'),
(221, 28, 1, '7.00000000000', '2015-09-02 22:28:32'),
(222, 29, 2, '0.50000000000', '2015-09-02 22:29:37'),
(223, 29, 27, '4.00000000000', '2015-09-02 22:29:49'),
(224, 29, 32, '0.01500000000', '2015-10-19 18:18:33'),
(225, 29, 41, '2.00000000000', '2015-09-02 22:30:54'),
(226, 29, 42, '0.08500000000', '2015-10-19 18:18:37'),
(227, 29, 46, '0.03000000000', '2015-10-19 18:18:42'),
(228, 29, 47, '0.80000000000', '2015-10-19 18:18:46'),
(229, 30, 31, '0.10000000000', '2015-10-19 18:18:50'),
(230, 30, 14, '0.10000000000', '2015-10-19 18:18:53'),
(231, 30, 19, '8.00000000000', '2015-09-02 22:47:04'),
(232, 30, 46, '0.05000000000', '2015-10-19 18:18:58'),
(233, 30, 12, '0.10000000000', '2015-10-19 18:19:01'),
(234, 30, 6, '0.10000000000', '2015-10-19 18:19:04'),
(235, 30, 24, '1.00000000000', '2015-09-02 22:48:20'),
(236, 30, 10, '1.00000000000', '2015-09-02 22:48:36'),
(237, 30, 1, '1.50000000000', '2015-09-02 22:48:58'),
(239, 31, 39, '2.56000000000', '2015-10-19 18:19:19'),
(241, 32, 45, '1.85000000000', '2015-10-19 18:19:32'),
(242, 33, 10, '20.00000000000', '2015-09-02 23:11:19'),
(243, 33, 13, '5.00000000000', '2015-09-02 23:11:31'),
(244, 33, 46, '0.46000000000', '2015-10-19 18:02:44'),
(245, 33, 1, '7.00000000000', '2015-09-02 23:12:01'),
(246, 34, 10, '20.00000000000', '2015-09-02 23:15:02'),
(247, 34, 11, '2.50000000000', '2015-09-02 23:15:14'),
(248, 34, 13, '5.00000000000', '2015-09-02 23:15:28'),
(249, 34, 46, '0.46000000000', '2015-10-19 17:00:08'),
(250, 34, 1, '8.00000000000', '2015-09-02 23:15:55'),
(259, 2, 26, '1.00000000000', '2015-09-15 23:23:14'),
(263, 35, 79, '0.00190000000', '2015-10-19 17:01:14'),
(264, 37, 81, '0.01670000000', '2015-10-19 17:02:17'),
(265, 36, 80, '0.00280000000', '2015-10-19 17:01:50'),
(268, 38, 82, '0.01670000000', '2015-10-19 18:19:46'),
(270, 40, 84, '0.02000000000', '2015-10-19 18:19:51'),
(272, 19, 88, '13.05000000000', '2015-10-16 22:04:24'),
(273, 19, 89, '4.71000000000', '2015-10-19 18:19:55'),
(278, 41, 85, '0.00008570000', '2015-09-22 21:27:56'),
(279, 42, 86, '0.00000263157', '2015-09-22 21:28:29'),
(281, 43, 87, '0.08571000000', '2015-10-19 18:20:11'),
(284, 39, 83, '0.00007830000', '2015-09-22 22:50:05'),
(285, 2, 2, '0.90000000000', '2015-10-21 15:30:35'),
(287, 9, 46, '0.07000000000', '2015-10-21 15:38:18'),
(288, 7, 10, '1.40000000000', '2015-10-21 15:43:38'),
(289, 17, 88, '12.65000000000', '2015-10-21 15:52:40'),
(291, 20, 88, '36.24600000000', '2015-10-21 15:59:00'),
(292, 23, 90, '7.00000000000', '2015-10-21 16:43:28'),
(293, 23, 91, '7.00000000000', '2015-10-21 16:43:44'),
(294, 23, 30, '1.00000000000', '2015-10-21 17:04:47'),
(295, 27, 92, '5.50000000000', '2015-10-21 17:05:21'),
(296, 31, 93, '11.95000000000', '2015-10-21 17:08:58'),
(297, 32, 93, '11.95000000000', '2015-10-21 17:09:16');

-- --------------------------------------------------------

--
-- Estrutura da tabela `bit_db_regras`
--

CREATE TABLE IF NOT EXISTS `bit_db_regras` (
  `regras_id` int(11) NOT NULL AUTO_INCREMENT,
  `regras_nome` varchar(15) NOT NULL,
  `regras_basecalculo` decimal(31,11) NOT NULL,
  `regras_atualizacao` timestamp NOT NULL DEFAULT CURRENT_TIMESTAMP ON UPDATE CURRENT_TIMESTAMP,
  `regras_deletado` int(1) NOT NULL DEFAULT '0',
  PRIMARY KEY (`regras_id`)
) ENGINE=InnoDB  DEFAULT CHARSET=latin1 AUTO_INCREMENT=19 ;

--
-- Extraindo dados da tabela `bit_db_regras`
--

INSERT INTO `bit_db_regras` (`regras_id`, `regras_nome`, `regras_basecalculo`, `regras_atualizacao`, `regras_deletado`) VALUES
(1, '100g', '0.10000000000', '2015-08-26 14:28:34', 0),
(2, '70g', '0.07000000000', '2015-08-26 14:29:07', 0),
(3, '10,96Kg', '10.96000000000', '2015-08-26 14:34:24', 0),
(4, '85g', '0.08500000000', '2015-08-27 14:44:04', 0),
(5, '0,0019g', '0.00190000000', '2015-09-15 15:00:36', 0),
(8, '0.0028', '0.00280000000', '2015-09-15 19:50:26', 0),
(10, '0.0167', '0.01670000000', '2015-09-17 18:33:59', 0),
(11, '1und', '1.00000000000', '2015-09-21 14:31:09', 0),
(12, '0.00088M', '0.00088000000', '2015-09-22 19:30:26', 0),
(13, '0.02m', '0.02000000000', '2015-09-22 11:47:03', 0),
(14, '0.0000857L', '0.00008570000', '2015-09-22 18:50:45', 0),
(16, '0.00000263157', '0.00000263157', '2015-09-22 16:05:19', 0),
(17, '0.08571', '0.08571000000', '2015-09-22 19:36:11', 0),
(18, '0.0000783', '0.00007830000', '2015-09-22 20:43:13', 0);

-- --------------------------------------------------------

--
-- Estrutura da tabela `bit_db_unidade`
--

CREATE TABLE IF NOT EXISTS `bit_db_unidade` (
  `unidade_id` int(11) NOT NULL AUTO_INCREMENT,
  `unidade_nome` varchar(60) NOT NULL,
  `unidade_sigla` varchar(4) NOT NULL,
  `uniade_atulizado` timestamp NOT NULL DEFAULT CURRENT_TIMESTAMP ON UPDATE CURRENT_TIMESTAMP,
  `unidade_deletado` int(1) NOT NULL DEFAULT '0',
  PRIMARY KEY (`unidade_id`)
) ENGINE=InnoDB  DEFAULT CHARSET=latin1 AUTO_INCREMENT=5 ;

--
-- Extraindo dados da tabela `bit_db_unidade`
--

INSERT INTO `bit_db_unidade` (`unidade_id`, `unidade_nome`, `unidade_sigla`, `uniade_atulizado`, `unidade_deletado`) VALUES
(1, 'QUILOGRAMA', 'KG', '2015-07-20 13:56:46', 0),
(2, 'LITRO', 'LT', '2015-07-20 13:57:15', 0),
(3, 'UNIDADE', 'UND', '2015-07-20 13:58:04', 0),
(4, 'METRO', 'M', '2015-09-21 16:32:58', 0);

-- --------------------------------------------------------

--
-- Estrutura da tabela `bit_db_usuario`
--

CREATE TABLE IF NOT EXISTS `bit_db_usuario` (
  `usuario_id` int(11) NOT NULL AUTO_INCREMENT,
  `usuario_nome` varchar(35) CHARACTER SET utf8 NOT NULL,
  `usuario_nome_usuario` varchar(10) CHARACTER SET utf8 NOT NULL,
  `usuario_senha` varchar(32) CHARACTER SET utf8 NOT NULL,
  `usuario_deletado` int(1) NOT NULL DEFAULT '0',
  `usuario_atualizacao` timestamp NOT NULL DEFAULT CURRENT_TIMESTAMP ON UPDATE CURRENT_TIMESTAMP,
  PRIMARY KEY (`usuario_id`),
  UNIQUE KEY `usuario_nome_usuario` (`usuario_nome_usuario`)
) ENGINE=InnoDB  DEFAULT CHARSET=latin1 AUTO_INCREMENT=112 ;

--
-- Extraindo dados da tabela `bit_db_usuario`
--

INSERT INTO `bit_db_usuario` (`usuario_id`, `usuario_nome`, `usuario_nome_usuario`, `usuario_senha`, `usuario_deletado`, `usuario_atualizacao`) VALUES
(1, 'Default', 'Default', 'abe6db4c9f5484fae8d79f2e868a673c', 3, '2015-05-26 12:45:27'),
(3, 'Piffero', 'piff', 'abe6db4c9f5484fae8d79f2e868a673c', 3, '2015-03-13 12:17:58'),
(4, 'Higor da Silva', 'hs3', 'c4ca4238a0b923820dcc509a6f75849b', 3, '2015-03-13 12:18:03'),
(110, 'Nilva', 'nilva', '202cb962ac59075b964b07152d234b70', 0, '2015-06-09 17:40:15'),
(111, 'Júlio', 'julio', '81dc9bdb52d04dc20036dbd8313ed055', 0, '2015-10-27 12:34:25');

-- --------------------------------------------------------

--
-- Estrutura da tabela `bit_sessions`
--

CREATE TABLE IF NOT EXISTS `bit_sessions` (
  `session_id` varchar(40) NOT NULL DEFAULT '0',
  `ip_address` varchar(45) NOT NULL DEFAULT '0',
  `user_agent` varchar(120) NOT NULL,
  `last_activity` int(10) unsigned NOT NULL DEFAULT '0',
  `user_data` text
) ENGINE=InnoDB DEFAULT CHARSET=utf8;

/*!40101 SET CHARACTER_SET_CLIENT=@OLD_CHARACTER_SET_CLIENT */;
/*!40101 SET CHARACTER_SET_RESULTS=@OLD_CHARACTER_SET_RESULTS */;
/*!40101 SET COLLATION_CONNECTION=@OLD_COLLATION_CONNECTION */;
